Class,F1_Score
SN,0.9382530120481928
AGN,0.9295987887963664
BZ,0.9309309309309309
CV,0.953285827395091
OTHER,0.9546436285097192
NON-TRANSIENT,0.9558599695585996
